"index","name","email","mobile"
"3","jj3","jj@3","99898889"
"4","jj4","jj@4","99898889"
"5","jj5","jj@5","99898889"
"6","jj6","jj@6","99898889"
"7","jj7","jj@7","99898889"
"8","jj8","jj@8","99898889"
"9","jj9","jj@9","99898889"
"10","jj10","jj@10","99898889"
"11","jj11","jj@11","99898889"
"12","jj12","jj@12","99898889"
"13","jj13","jj@13","99898889"
"14","jj14","jj@14","99898889"
"15","jj15","jj@15","99898889"
"16","jj16","jj@16","99898889"
"17","jj17","jj@17","99898889"
"18","jj18","jj@18","99898889"
"19","jj19","jj@19","99898889"
"20","jj20","jj@20","99898889"
"21","jj21","jj@21","99898889"
"22","jj22","jj@22","99898889"
"23","jj23","jj@23","99898889"
"24","jj24","jj@24","99898889"
"25","jj25","jj@25","99898889"
"26","jj26","jj@26","99898889"
"27","jj27","jj@27","99898889"
"28","jj28","jj@28","99898889"
"29","jj29","jj@29","99898889"
"30","jj30","jj@30","99898889"
"31","jj31","jj@31","99898889"
"32","jj32","jj@32","99898889"
"33","jj33","jj@33","99898889"
"34","jj34","jj@34","99898889"
"35","jj35","jj@35","99898889"
"36","jj36","jj@36","99898889"
"37","jj37","jj@37","99898889"
"38","jj38","jj@38","99898889"
"39","jj39","jj@39","99898889"
"40","jj40","jj@40","99898889"
"41","jj41","jj@41","99898889"
"42","jj42","jj@42","99898889"
"43","jj43","jj@43","99898889"
"44","jj44","jj@44","99898889"
"45","jj45","jj@45","99898889"
"46","jj46","jj@46","99898889"
"47","jj47","jj@47","99898889"
"48","jj48","jj@48","99898889"
"49","jj49","jj@49","99898889"
"50","jj50","jj@50","99898889"
"51","jj51","jj@51","99898889"
"52","jj52","jj@52","99898889"
"53","jj53","jj@53","99898889"
"54","jj54","jj@54","99898889"
"55","jj55","jj@55","99898889"
"56","jj56","jj@56","99898889"
"57","jj57","jj@57","99898889"
"58","jj58","jj@58","99898889"
"59","jj59","jj@59","99898889"
"60","jj60","jj@60","99898889"
"61","jj61","jj@61","99898889"
"62","jj62","jj@62","99898889"
"63","jj63","jj@63","99898889"
"64","jj64","jj@64","99898889"
"65","jj65","jj@65","99898889"
"66","jj66","jj@66","99898889"
"67","jj67","jj@67","99898889"
"68","jj68","jj@68","99898889"
"69","jj69","jj@69","99898889"
"70","jj70","jj@70","99898889"
"71","jj71","jj@71","99898889"
"72","jj72","jj@72","99898889"
"73","jj73","jj@73","99898889"
"74","jj74","jj@74","99898889"
"75","jj75","jj@75","99898889"
"76","jj76","jj@76","99898889"
"77","jj77","jj@77","99898889"
"78","jj78","jj@78","99898889"
"79","jj79","jj@79","99898889"
"80","jj80","jj@80","99898889"
"81","jj81","jj@81","99898889"
"82","jj82","jj@82","99898889"
"83","jj83","jj@83","99898889"
"84","jj84","jj@84","99898889"
"85","jj85","jj@85","99898889"
"86","jj86","jj@86","99898889"
"87","jj87","jj@87","99898889"
"88","jj88","jj@88","99898889"
"89","jj89","jj@89","99898889"
"90","jj90","jj@90","99898889"
"91","jj91","jj@91","99898889"
"92","jj92","jj@92","99898889"
"93","jj93","jj@93","99898889"
"94","jj94","jj@94","99898889"
"95","jj95","jj@95","99898889"
"96","jj96","jj@96","99898889"
"97","jj97","jj@97","99898889"
"98","jj98","jj@98","99898889"
"99","jj99","jj@99","99898889"
"100","jj100","jj@100","99898889"
"101","jj101","jj@101","99898889"
"102","jj102","jj@102","99898889"
"103","jj103","jj@103","99898889"
"104","jj104","jj@104","99898889"
